pricing_id,vendor_id,sku_id,unit_price,currency_code,min_order_quantity,bulk_discount_percentage,bulk_discount_threshold,market_id,lead_time_days,stock_status,is_current,source,last_updated
301a1ec7-2fe3-46ca-9505-f53254ad3658,V-002,SKU-9261CB93,86.94,USD,10,,,MKT-MIDWEST,2,in_stock,True,csv,2025-11-28T00:38:16.959577
9e0dc7b2-a69b-4c8b-a5f1-091cd38d1360,V-002,SKU-9261CB93,98.9,USD,10,,,MKT-WEST,8,in_stock,True,csv,2025-11-28T00:38:16.959619
faabd514-6853-4bfa-88ae-3d79b29dee1e,V-002,SKU-9261CB93,93.0,USD,5,,,MKT-NORTHEAST,10,in_stock,True,csv,2025-11-28T00:38:16.959638
7672cea2-5563-498f-b1fc-35cd0464ba23,V-005,SKU-9261CB93,91.33,USD,25,,100,MKT-NORTHEAST,6,in_stock,True,csv,2025-11-28T00:38:16.959668
693126a4-5cdd-47a5-9730-a45cb663ea43,V-005,SKU-96C0BF3B,14.42,USD,1,10,250,MKT-MIDWEST,13,low_stock,True,csv,2025-11-28T00:38:16.959708
ac0e5afc-87ad-423b-8266-be25f2616f09,V-005,SKU-96C0BF3B,14.41,USD,10,15,,MKT-WEST,10,in_stock,True,csv,2025-11-28T00:38:16.959740
cfb90f10-5e0e-4940-adb7-75e6c75730a7,V-003,SKU-96C0BF3B,14.97,USD,1,,,MKT-NORTHEAST,9,out_of_stock,True,csv,2025-11-28T00:38:16.959771
c376043d-7fbe-42a3-a063-8be79b242f55,V-003,SKU-96C0BF3B,15.04,USD,25,15,,MKT-WEST,10,in_stock,True,csv,2025-11-28T00:38:16.959789
91a32e79-de57-4272-950e-8f037e46cd78,V-003,SKU-96C0BF3B,14.15,USD,1,,50,MKT-MIDWEST,8,in_stock,True,csv,2025-11-28T00:38:16.959815
b876aa1d-99ed-4c3a-bc44-edfcf7833189,V-004,SKU-96C0BF3B,16.57,USD,5,5,50,MKT-NORTHEAST,5,in_stock,True,csv,2025-11-28T00:38:16.959833
b4b3686a-3d32-405f-a1a0-e9583b75c41b,V-004,SKU-96C0BF3B,18.89,USD,5,,,MKT-WEST,11,in_stock,True,csv,2025-11-28T00:38:16.959845
70d3dabe-0d46-473e-9f62-b6e817e715d2,V-004,SKU-96C0BF3B,17.8,USD,10,,,MKT-MIDWEST,4,in_stock,True,csv,2025-11-28T00:38:16.959856
33591732-95d9-4268-8479-9c17369e4501,V-001,SKU-96C0BF3B,16.25,USD,10,,,MKT-MIDWEST,7,in_stock,True,csv,2025-11-28T00:38:16.959873
19c1a504-7ac2-4c27-bf81-752fdf3d813c,V-001,SKU-96C0BF3B,16.96,USD,25,0,,MKT-WEST,13,in_stock,True,csv,2025-11-28T00:38:16.959884
8f394fc2-73c4-4158-908c-510601aef243,V-003,SKU-A4AD0847,41.72,USD,1,,,MKT-NORTHEAST,12,in_stock,True,csv,2025-11-28T00:38:16.959903
3a1d0bd2-d6e0-4e91-a4cd-f0bc98acae96,V-003,SKU-A4AD0847,41.18,USD,1,10,,MKT-WEST,3,in_stock,True,csv,2025-11-28T00:38:16.959915
1ad19f34-fa7a-4cb4-8f93-29c89e42c293,V-003,SKU-A4AD0847,36.96,USD,10,10,,MKT-MIDWEST,2,in_stock,True,csv,2025-11-28T00:38:16.959927
59753549-81f1-46e2-ab52-287995430d71,V-005,SKU-A4AD0847,35.9,USD,25,10,100,MKT-NORTHEAST,6,low_stock,True,csv,2025-11-28T00:38:16.959941
1161bb1a-e9fb-4073-a726-fee333d13cf1,V-005,SKU-A4AD0847,37.5,USD,5,10,100,MKT-WEST,1,out_of_stock,True,csv,2025-11-28T00:38:16.959956
73629c58-fb45-4b4e-b33d-6ede9bd2438c,V-005,SKU-A4AD0847,36.54,USD,5,15,100,MKT-MIDWEST,10,in_stock,True,csv,2025-11-28T00:38:16.959971
3c4adce5-4fd5-47c8-8856-6885acc148f4,V-001,SKU-A4AD0847,38.74,USD,10,,250,MKT-WEST,9,in_stock,True,csv,2025-11-28T00:38:16.960008
8679b957-3972-4837-97bf-3dd59d9f2b0c,V-002,SKU-A4AD0847,32.51,USD,25,,100,MKT-NORTHEAST,13,in_stock,True,csv,2025-11-28T00:38:16.960034
0a2a75ee-2510-4fa6-b390-5939a2610967,V-002,SKU-A4AD0847,33.96,USD,10,,250,MKT-MIDWEST,5,out_of_stock,True,csv,2025-11-28T00:38:16.960051
31bc560d-40f3-46a1-adbc-2559312dbe91,V-002,SKU-A4AD0847,32.01,USD,1,,50,MKT-WEST,11,low_stock,True,csv,2025-11-28T00:38:16.960066
7bafafcb-a345-47ec-a1eb-cd4369ccd75f,V-005,SKU-998C1A21,30.97,USD,1,,50,MKT-NORTHEAST,7,in_stock,True,csv,2025-11-28T00:38:16.960107
498aaf99-9b52-411c-a629-17eefb600130,V-005,SKU-998C1A21,31.6,USD,25,,,MKT-MIDWEST,7,in_stock,True,csv,2025-11-28T00:38:16.960125
f7c248ab-ffc5-45a0-a839-d2c485b5e9a4,V-004,SKU-998C1A21,31.2,USD,1,0,250,MKT-WEST,8,in_stock,True,csv,2025-11-28T00:38:16.960138
86dcc081-74da-4cab-8da5-b97e75b375d6,V-004,SKU-998C1A21,34.39,USD,10,,,MKT-MIDWEST,9,in_stock,True,csv,2025-11-28T00:38:16.960148
00017bca-b9dd-4d30-baa6-553ae63c9d3a,V-003,SKU-998C1A21,35.81,USD,1,0,50,MKT-WEST,13,in_stock,True,csv,2025-11-28T00:38:16.960164
61af641b-796d-47b0-91d4-808be1f75e7b,V-002,SKU-998C1A21,37.63,USD,10,,250,MKT-MIDWEST,6,in_stock,True,csv,2025-11-28T00:38:16.960176
bf73297d-d603-441d-a0de-daf3097acde4,V-002,SKU-798CAD8A,62.72,USD,1,10,50,MKT-NORTHEAST,13,in_stock,True,csv,2025-11-28T00:38:16.960193
7af340f4-70d8-4582-8fa5-05841cf156c8,V-002,SKU-798CAD8A,62.97,USD,10,,250,MKT-MIDWEST,13,low_stock,True,csv,2025-11-28T00:38:16.960204
fc2c26a3-9fa3-4a0a-8ad1-2dfc9c594a86,V-001,SKU-798CAD8A,59.93,USD,25,5,50,MKT-WEST,10,in_stock,True,csv,2025-11-28T00:38:16.960216
dbc306b0-4d4d-416a-9143-c2380d342c55,V-001,SKU-798CAD8A,56.25,USD,1,15,,MKT-NORTHEAST,1,in_stock,True,csv,2025-11-28T00:38:16.960227
78be8df4-54e9-4abf-a834-1a7b1c04a573,V-004,SKU-798CAD8A,56.26,USD,10,5,,MKT-MIDWEST,1,in_stock,True,csv,2025-11-28T00:38:16.960240
f21fa30b-a941-4e27-8b9e-bbf9f537dc22,V-004,SKU-798CAD8A,58.29,USD,25,5,,MKT-WEST,2,in_stock,True,csv,2025-11-28T00:38:16.960250
a7a550f9-143f-4b57-afa4-ab69df9719b5,V-004,SKU-798CAD8A,52.35,USD,10,0,250,MKT-NORTHEAST,13,in_stock,True,csv,2025-11-28T00:38:16.960260
223c205c-2299-4b55-b269-143da59859b9,V-003,SKU-798CAD8A,57.42,USD,10,,,MKT-WEST,4,out_of_stock,True,csv,2025-11-28T00:38:16.960281
9766ac43-3a30-4c14-8d46-5c2eb26f19c4,V-003,SKU-798CAD8A,60.2,USD,1,5,,MKT-MIDWEST,12,in_stock,True,csv,2025-11-28T00:38:16.960324
b3a6340a-be8c-4fa0-a0d8-c5bd32171c18,V-002,SKU-ED15B3F3,23.78,USD,5,,,MKT-WEST,12,low_stock,True,csv,2025-11-28T00:38:16.960352
f129909b-1c1c-4737-82d3-208b1bea9e42,V-002,SKU-ED15B3F3,23.83,USD,5,,250,MKT-MIDWEST,6,out_of_stock,True,csv,2025-11-28T00:38:16.960362
5899e0d4-34af-45fb-a609-652a8f665042,V-001,SKU-ED15B3F3,22.18,USD,1,,,MKT-MIDWEST,13,low_stock,True,csv,2025-11-28T00:38:16.960374
a3331e13-fa88-490f-8d91-1bd20bb88d84,V-004,SKU-ED15B3F3,21.47,USD,1,10,,MKT-MIDWEST,1,in_stock,True,csv,2025-11-28T00:38:16.960386
b15fbc7b-cd11-4818-a7d5-0445fe043e61,V-003,SKU-9CAC93E6,98.12,USD,10,,,MKT-WEST,12,in_stock,True,csv,2025-11-28T00:38:16.960401
a87754e6-e925-4f57-bf98-07818e9bd23b,V-001,SKU-9CAC93E6,95.19,USD,1,,,MKT-NORTHEAST,5,in_stock,True,csv,2025-11-28T00:38:16.960416
a83e6a3c-5a5c-42d0-827d-4f88ce4ab1e4,V-001,SKU-9CAC93E6,88.56,USD,25,,,MKT-MIDWEST,2,low_stock,True,csv,2025-11-28T00:38:16.960425
46d931a2-eaa3-4db7-b844-aed375b6208b,V-001,SKU-9CAC93E6,96.73,USD,1,5,,MKT-WEST,4,in_stock,True,csv,2025-11-28T00:38:16.960435
ab8a67b8-1251-4e09-a385-5886e06e30e8,V-004,SKU-20C4D86F,23.78,USD,10,0,50,MKT-WEST,3,in_stock,True,csv,2025-11-28T00:38:16.960452
bf50861d-280f-4f68-ae8a-97266daf04ca,V-004,SKU-20C4D86F,22.55,USD,1,0,50,MKT-NORTHEAST,8,in_stock,True,csv,2025-11-28T00:38:16.960465
ed74fbb2-3678-4d15-a1ae-ad315436431a,V-005,SKU-20C4D86F,18.77,USD,10,5,,MKT-NORTHEAST,1,out_of_stock,True,csv,2025-11-28T00:38:16.960478
ee839918-c96a-4a1a-9a94-6dd9608c3094,V-005,SKU-20C4D86F,18.25,USD,25,,100,MKT-WEST,7,in_stock,True,csv,2025-11-28T00:38:16.960488
0337d64a-052e-4181-8bfe-616ca92e6ff3,V-002,SKU-20C4D86F,18.63,USD,5,,50,MKT-NORTHEAST,9,in_stock,True,csv,2025-11-28T00:38:16.960500
957cd658-4ef1-484f-a1bb-0da48c5373e3,V-002,SKU-33205DDC,51.88,USD,25,5,,MKT-NORTHEAST,5,low_stock,True,csv,2025-11-28T00:38:16.960516
c7570ab0-545e-4e81-b619-f20a69468f25,V-005,SKU-33205DDC,44.54,USD,25,15,100,MKT-NORTHEAST,2,in_stock,True,csv,2025-11-28T00:38:16.960529
7ba3df20-b87f-4a0d-9ff2-c00a056b61b5,V-004,SKU-33205DDC,45.92,USD,10,,,MKT-WEST,5,in_stock,True,csv,2025-11-28T00:38:16.960541
cfc504ea-aca7-44fd-b2af-41ee6dd96e79,V-004,SKU-33205DDC,47.36,USD,5,,100,MKT-MIDWEST,11,in_stock,True,csv,2025-11-28T00:38:16.960555
c2768080-4c25-4322-bdc6-30cb73302671,V-004,SKU-33205DDC,44.25,USD,25,,50,MKT-NORTHEAST,2,low_stock,True,csv,2025-11-28T00:38:16.960566
b7a1c894-a0bf-4f6f-b95a-db4eef2a043b,V-003,SKU-33205DDC,54.94,USD,25,0,,MKT-WEST,8,in_stock,True,csv,2025-11-28T00:38:16.960578
a8c1d18d-dbb1-4bd8-99fc-1c4095a4e1a1,V-003,SKU-33205DDC,58.51,USD,10,,,MKT-NORTHEAST,3,in_stock,True,csv,2025-11-28T00:38:16.960590
df80ebde-ea5c-4005-bfc6-f557c1b894a3,V-002,SKU-BCC0812C,94.86,USD,1,5,250,MKT-MIDWEST,12,low_stock,True,csv,2025-11-28T00:38:16.960605
6ba214c2-a4f7-4a81-95c5-05dd10c5b3a1,V-005,SKU-BCC0812C,82.78,USD,10,15,,MKT-WEST,8,in_stock,True,csv,2025-11-28T00:38:16.960617
97e7879c-8465-4880-ad84-e65dd2a3b36f,V-005,SKU-BCC0812C,90.38,USD,5,5,,MKT-MIDWEST,3,in_stock,True,csv,2025-11-28T00:38:16.960627
4b482c59-ba83-432a-8934-8a901c1698fb,V-001,SKU-BCC0812C,93.13,USD,5,15,,MKT-MIDWEST,10,out_of_stock,True,csv,2025-11-28T00:38:16.960640
52e86d42-eedb-4f22-ba26-f45094f3a1e4,V-001,SKU-BCC0812C,95.73,USD,1,0,250,MKT-WEST,14,out_of_stock,True,csv,2025-11-28T00:38:16.960651
002a3682-f810-415f-9a5e-35c1583eaa2c,V-004,SKU-BCC0812C,97.26,USD,25,,,MKT-WEST,11,in_stock,True,csv,2025-11-28T00:38:16.960667
d80031b8-2004-432d-8efe-fda7715f3365,V-004,SKU-BCC0812C,104.49,USD,25,15,,MKT-NORTHEAST,13,in_stock,True,csv,2025-11-28T00:38:16.960679
a31f3b9b-67bd-4078-a322-67321d684fb3,V-004,SKU-BCC0812C,104.33,USD,5,15,50,MKT-MIDWEST,11,low_stock,True,csv,2025-11-28T00:38:16.960690
607bcaba-dc17-4668-b672-8b5359ceced0,V-001,SKU-C9F2F8A3,38.53,USD,25,,100,MKT-MIDWEST,5,low_stock,True,csv,2025-11-28T00:38:16.960705
13b2fe20-374b-45b2-b9eb-23dca58bc8b0,V-004,SKU-C9F2F8A3,38.01,USD,1,,,MKT-MIDWEST,14,in_stock,True,csv,2025-11-28T00:38:16.960720
2f1e7a5a-9fb4-400a-b228-9b4815b496ef,V-005,SKU-67F17DC1,31.33,USD,25,15,50,MKT-MIDWEST,2,in_stock,True,csv,2025-11-28T00:38:16.960736
bbe0ddf5-cfe9-4273-ba88-d9d4ccbe4e71,V-005,SKU-67F17DC1,31.87,USD,25,5,50,MKT-WEST,12,low_stock,True,csv,2025-11-28T00:38:16.960746
4a033c60-b3de-4c1e-a6cc-681f65bd0836,V-005,SKU-67F17DC1,34.46,USD,5,0,50,MKT-NORTHEAST,4,out_of_stock,True,csv,2025-11-28T00:38:16.960756
57d1e5ce-9b82-4d2f-9b03-f107f19a5e4e,V-003,SKU-67F17DC1,38.95,USD,25,,100,MKT-MIDWEST,4,in_stock,True,csv,2025-11-28T00:38:16.960768
a24f9613-75ad-4cae-843b-639a3974c163,V-003,SKU-B723BDDD,58.41,USD,25,10,50,MKT-NORTHEAST,4,out_of_stock,True,csv,2025-11-28T00:38:16.960783
179bdc41-35e4-44d0-b63f-044ef4dd718f,V-005,SKU-B723BDDD,58.45,USD,1,0,100,MKT-WEST,2,in_stock,True,csv,2025-11-28T00:38:16.960795
c3e298bc-bf81-4efa-b521-b7daaea2d145,V-005,SKU-B723BDDD,59.32,USD,25,0,50,MKT-NORTHEAST,4,in_stock,True,csv,2025-11-28T00:38:16.960806
1a77b500-4c43-4aeb-bede-f6c2c3dd90a0,V-005,SKU-B723BDDD,55.53,USD,5,,,MKT-MIDWEST,3,in_stock,True,csv,2025-11-28T00:38:16.960816
13a1fbcd-1fb6-49d5-846d-a9d9546dc4fb,V-004,SKU-B723BDDD,48.93,USD,10,10,50,MKT-WEST,5,low_stock,True,csv,2025-11-28T00:38:16.960829
7a4fd80c-ef08-4c5f-8248-7c1867a60601,V-004,SKU-ADE01CB6,22.85,USD,25,15,,MKT-WEST,8,low_stock,True,csv,2025-11-28T00:38:16.960848
62afe62a-246d-45b5-bed3-8d0aeffd7f3d,V-004,SKU-ADE01CB6,23.01,USD,1,15,,MKT-MIDWEST,1,in_stock,True,csv,2025-11-28T00:38:16.960858
95a92b0b-2c8d-4724-82e1-a672ea62153b,V-001,SKU-ADE01CB6,21.47,USD,25,,50,MKT-MIDWEST,7,in_stock,True,csv,2025-11-28T00:38:16.960871
fa56077c-ecf1-4fbd-8661-6acd24787efe,V-001,SKU-ADE01CB6,22.54,USD,10,15,100,MKT-NORTHEAST,5,low_stock,True,csv,2025-11-28T00:38:16.960881
25b91c74-6ee7-4504-8865-066a30714782,V-001,SKU-ADE01CB6,21.7,USD,25,,250,MKT-WEST,7,in_stock,True,csv,2025-11-28T00:38:16.960893
07d5050e-944a-4e0c-8ab3-d4a3103968ff,V-002,SKU-ADE01CB6,25.22,USD,25,0,,MKT-MIDWEST,3,in_stock,True,csv,2025-11-28T00:38:16.960907
71c06f74-3ef2-4762-b76e-40b8f87cfff0,V-002,SKU-ADE01CB6,28.02,USD,1,5,250,MKT-NORTHEAST,5,low_stock,True,csv,2025-11-28T00:38:16.960917
3274b23a-d70b-4faf-ba97-234dbc0cdf9d,V-002,SKU-ADE01CB6,26.91,USD,10,15,,MKT-WEST,9,out_of_stock,True,csv,2025-11-28T00:38:16.960927
67131d6e-c7d6-407c-88c8-2ddc87d69baa,V-004,SKU-8A4C3075,20.23,USD,10,,,MKT-WEST,8,in_stock,True,csv,2025-11-28T00:38:16.960944
d8ee07c6-e89e-4d6b-85ca-c7f5d37de7a5,V-004,SKU-8A4C3075,19.73,USD,25,5,,MKT-MIDWEST,4,in_stock,True,csv,2025-11-28T00:38:16.960954
ceb654fd-ae6d-4cb5-ae12-cf04c137fd0e,V-003,SKU-8A4C3075,20.21,USD,1,,50,MKT-MIDWEST,2,in_stock,True,csv,2025-11-28T00:38:16.960968
7d7e6c27-8e7b-4099-927c-4da06fcdf1d7,V-003,SKU-3A6F3FB5,36.41,USD,5,15,50,MKT-MIDWEST,12,in_stock,True,csv,2025-11-28T00:38:16.960984
420948b0-d07c-4375-a5ae-e7f9c1c11465,V-003,SKU-3A6F3FB5,35.97,USD,5,,,MKT-NORTHEAST,9,in_stock,True,csv,2025-11-28T00:38:16.960993
00a45b4a-d123-4c0e-a0dd-8edd3686835e,V-003,SKU-3A6F3FB5,37.02,USD,5,10,100,MKT-WEST,4,low_stock,True,csv,2025-11-28T00:38:16.961004
d77a0e02-6c52-4091-b757-92c4f91c4261,V-002,SKU-3A6F3FB5,37.79,USD,1,10,50,MKT-MIDWEST,14,in_stock,True,csv,2025-11-28T00:38:16.961017
8fc06b54-22dd-4e60-810f-7135276f5f80,V-004,SKU-3A6F3FB5,36.36,USD,5,,50,MKT-WEST,5,out_of_stock,True,csv,2025-11-28T00:38:16.961030
fa5b3357-a389-4b8e-bf98-044abf660ff3,V-004,SKU-3A6F3FB5,33.39,USD,1,,,MKT-MIDWEST,6,in_stock,True,csv,2025-11-28T00:38:16.961040
2659a7ce-dd9c-481f-bf75-eba9ee6ad1b8,V-004,SKU-3A6F3FB5,31.73,USD,1,,,MKT-NORTHEAST,14,in_stock,True,csv,2025-11-28T00:38:16.961050
bd8baf24-1ba5-4d3c-a3fe-2f6933a5d027,V-004,SKU-83284DA0,53.59,USD,10,0,,MKT-MIDWEST,14,in_stock,True,csv,2025-11-28T00:38:16.961065
9c0d575e-d38b-4b0e-b83e-0cae53e90e8f,V-004,SKU-83284DA0,55.51,USD,10,5,250,MKT-NORTHEAST,6,low_stock,True,csv,2025-11-28T00:38:16.961076
4206034a-0c6a-413a-96a2-85916bbf88a2,V-005,SKU-83284DA0,55.72,USD,1,,250,MKT-MIDWEST,7,in_stock,True,csv,2025-11-28T00:38:16.961105
45d61add-128d-46ea-ab02-41a42937e43e,V-001,SKU-83284DA0,55.03,USD,10,0,100,MKT-NORTHEAST,7,low_stock,True,csv,2025-11-28T00:38:16.961118
60e821e8-a7a3-4d91-89b0-d8642fd6dd8e,V-001,SKU-83284DA0,57.76,USD,25,0,100,MKT-MIDWEST,13,low_stock,True,csv,2025-11-28T00:38:16.961128
f02de9df-adf6-464d-9ad5-b904ca6b9a64,V-002,SKU-3DBFD2E7,23.13,USD,10,,,MKT-MIDWEST,2,in_stock,True,csv,2025-11-28T00:38:16.961144
7f3d571e-d0bc-49d0-a556-ba5d88e0abcc,V-002,SKU-3DBFD2E7,22.76,USD,1,15,,MKT-WEST,10,in_stock,True,csv,2025-11-28T00:38:16.961154
12453d72-2c11-4454-a4c4-06bc792054de,V-002,SKU-3DBFD2E7,22.44,USD,1,,100,MKT-NORTHEAST,11,low_stock,True,csv,2025-11-28T00:38:16.961164
6d818365-5670-4647-8c78-91e26d757e11,V-003,SKU-3DBFD2E7,20.78,USD,5,,50,MKT-MIDWEST,4,low_stock,True,csv,2025-11-28T00:38:16.961178
5bb8dd65-c4c6-4050-91f8-4fa34e684a1c,V-003,SKU-3DBFD2E7,22.01,USD,5,,100,MKT-NORTHEAST,13,in_stock,True,csv,2025-11-28T00:38:16.961188
b21b38b5-ad43-4585-a31d-e264552ae0e6,V-003,SKU-3DBFD2E7,21.73,USD,10,15,,MKT-WEST,9,low_stock,True,csv,2025-11-28T00:38:16.961198
963989fe-db5d-43be-b130-c342d272f733,V-001,SKU-3DBFD2E7,23.9,USD,10,,,MKT-NORTHEAST,8,in_stock,True,csv,2025-11-28T00:38:16.961210
32044044-031d-45b9-a782-62cee06ed154,V-001,SKU-3DBFD2E7,24.29,USD,10,,250,MKT-MIDWEST,12,out_of_stock,True,csv,2025-11-28T00:38:16.961222
fdd36368-a985-404e-9d53-60f9416a0cf9,V-002,SKU-5DAC7ED8,79.77,USD,5,15,,MKT-WEST,12,low_stock,True,csv,2025-11-28T00:38:16.961237
15d03aae-f6d4-4faa-a15c-86ec2b5b6a77,V-002,SKU-5DAC7ED8,84.12,USD,10,10,250,MKT-MIDWEST,11,in_stock,True,csv,2025-11-28T00:38:16.961248
366e372d-f398-400f-9e86-d298117bca57,V-002,SKU-5DAC7ED8,88.08,USD,10,5,,MKT-NORTHEAST,8,in_stock,True,csv,2025-11-28T00:38:16.961258
adeaa202-57ad-4ad9-9fd2-8ee3d5c9ffb6,V-001,SKU-5DAC7ED8,84.65,USD,1,5,,MKT-MIDWEST,6,in_stock,True,csv,2025-11-28T00:38:16.961277
fd82b39f-9474-4567-af55-e0db099dd27b,V-001,SKU-5DAC7ED8,89.98,USD,5,,,MKT-NORTHEAST,5,in_stock,True,csv,2025-11-28T00:38:16.961288
aed4e322-e16a-491a-a036-213a90024f46,V-003,SKU-5DAC7ED8,93.82,USD,25,5,50,MKT-WEST,2,in_stock,True,csv,2025-11-28T00:38:16.961303
d1f03525-4b03-4fac-bfec-67511c332671,V-005,SKU-5DAC7ED8,96.25,USD,1,,100,MKT-NORTHEAST,6,in_stock,True,csv,2025-11-28T00:38:16.961315
cbdde645-f6f4-414c-849e-dec463d31b01,V-003,SKU-097535D6,38.4,USD,10,,250,MKT-NORTHEAST,8,in_stock,True,csv,2025-11-28T00:38:16.961330
f36750dc-532c-4305-8094-490e2889d1dc,V-003,SKU-097535D6,36.77,USD,5,,,MKT-MIDWEST,7,in_stock,True,csv,2025-11-28T00:38:16.961340
ee59e2fd-55fd-45b8-9e7e-2a45a6983fbc,V-003,SKU-097535D6,35.2,USD,25,,,MKT-WEST,4,low_stock,True,csv,2025-11-28T00:38:16.961353
7e9e9145-6354-426d-b724-cb0d3400c154,V-004,SKU-097535D6,37.2,USD,10,,100,MKT-WEST,6,low_stock,True,csv,2025-11-28T00:38:16.961376
c469a51f-72fe-4d87-92cc-9a2a48836437,V-004,SKU-097535D6,40.48,USD,1,,250,MKT-MIDWEST,10,in_stock,True,csv,2025-11-28T00:38:16.961394
f940f1c0-f149-4542-84a2-9ef860297831,V-004,SKU-097535D6,37.14,USD,25,0,,MKT-NORTHEAST,9,low_stock,True,csv,2025-11-28T00:38:16.961404
0f2e78af-9f0b-47af-8b21-ca997f016f93,V-002,SKU-0D4E1C1B,96.51,USD,1,5,,MKT-MIDWEST,8,low_stock,True,csv,2025-11-28T00:38:16.961419
5d13a195-849a-4631-9e45-c2951741e750,V-002,SKU-0D4E1C1B,90.55,USD,5,10,100,MKT-WEST,4,in_stock,True,csv,2025-11-28T00:38:16.961429
58aa5baa-9723-434d-8a1f-283ec592ec94,V-001,SKU-0D4E1C1B,93.55,USD,5,,,MKT-NORTHEAST,9,in_stock,True,csv,2025-11-28T00:38:16.961441
f4c2f209-c15d-4618-b2b6-a31ee7755123,V-005,SKU-4CF134CC,14.12,USD,5,,250,MKT-NORTHEAST,4,in_stock,True,csv,2025-11-28T00:38:16.961457
41cb92d2-8a0e-4974-9626-ed18f7f24ee8,V-001,SKU-4CF134CC,18.16,USD,1,,50,MKT-MIDWEST,6,in_stock,True,csv,2025-11-28T00:38:16.961480
c9fdf2aa-eb20-4e71-9980-c68687c372f7,V-001,SKU-4CF134CC,16.88,USD,10,,,MKT-WEST,13,low_stock,True,csv,2025-11-28T00:38:16.961490
4d6515a9-2beb-4822-9354-24b0e1c1ff19,V-004,SKU-4CF134CC,17.03,USD,5,0,,MKT-WEST,12,in_stock,True,csv,2025-11-28T00:38:16.961505
5866bd15-8de8-4e29-aff0-fd1e590e6e2c,V-004,SKU-4CF134CC,17.75,USD,25,15,,MKT-MIDWEST,11,in_stock,True,csv,2025-11-28T00:38:16.961518
5722d641-1eca-4d4d-b48d-a81ae1f2173b,V-003,SKU-4CF134CC,16.41,USD,5,,100,MKT-NORTHEAST,1,in_stock,True,csv,2025-11-28T00:38:16.961530
d21e32ae-189c-40a4-8733-516f032a84ee,V-001,SKU-107C702C,52.91,USD,10,10,,MKT-NORTHEAST,2,in_stock,True,csv,2025-11-28T00:38:16.961546
aa7cb074-7bde-4570-859b-628b3ae5e609,V-001,SKU-107C702C,49.36,USD,1,0,250,MKT-WEST,5,in_stock,True,csv,2025-11-28T00:38:16.961556
87143c0e-8bd1-40a5-8df6-e293836eeb92,V-002,SKU-107C702C,55.02,USD,10,,250,MKT-MIDWEST,11,in_stock,True,csv,2025-11-28T00:38:16.961567
b2b95a3b-4293-435e-97ab-11ac55dc2d4f,V-003,SKU-107C702C,54.06,USD,1,10,50,MKT-MIDWEST,4,in_stock,True,csv,2025-11-28T00:38:16.961579
8e37227e-5cde-4307-af9e-fdaf7d18b065,V-003,SKU-B3308B65,64.88,USD,25,,50,MKT-NORTHEAST,6,low_stock,True,csv,2025-11-28T00:38:16.961594
46b3cd9e-0781-41d5-ba3e-17fb1dedbdcf,V-003,SKU-B3308B65,68.09,USD,25,,250,MKT-MIDWEST,8,in_stock,True,csv,2025-11-28T00:38:16.961604
7873530f-f9ac-4b90-a0b0-afa9ed0ae82f,V-003,SKU-B3308B65,72.37,USD,25,,,MKT-WEST,7,in_stock,True,csv,2025-11-28T00:38:16.961614
a47b9c3a-48c8-48ab-9597-3f6ba945007f,V-001,SKU-B3308B65,60.0,USD,10,,100,MKT-NORTHEAST,6,in_stock,True,csv,2025-11-28T00:38:16.961630
ec9bd3d0-2f67-4e1b-b606-3edab35010c8,V-002,SKU-B3308B65,66.25,USD,10,,,MKT-WEST,5,in_stock,True,csv,2025-11-28T00:38:16.961641
554eedaa-d2b5-4d18-9e6c-6c520ad58c36,V-002,SKU-B3308B65,62.13,USD,5,15,250,MKT-NORTHEAST,1,in_stock,True,csv,2025-11-28T00:38:16.961652
690054be-9866-48a5-923b-348f0cb398fa,V-001,SKU-90A18931,53.84,USD,25,,250,MKT-NORTHEAST,14,low_stock,True,csv,2025-11-28T00:38:16.961667
583b17c8-8c17-466f-9d0d-646f3e88a224,V-001,SKU-90A18931,57.31,USD,5,,,MKT-WEST,12,low_stock,True,csv,2025-11-28T00:38:16.961677
8eaed28c-1da5-4359-859e-df1a3b9c8318,V-003,SKU-90A18931,72.43,USD,25,,,MKT-MIDWEST,11,out_of_stock,True,csv,2025-11-28T00:38:16.961688
0983f18a-a018-4ffc-a886-3544e3cf5b9c,V-004,SKU-827F4914,20.88,USD,1,0,100,MKT-WEST,13,in_stock,True,csv,2025-11-28T00:38:16.961705
f05f8844-0eec-49b3-ba88-3f51b4bb6ebc,V-004,SKU-827F4914,21.18,USD,10,,50,MKT-MIDWEST,4,low_stock,True,csv,2025-11-28T00:38:16.961715
c2a49a3c-ee67-4ead-bdd8-5f55a9c0f74b,V-001,SKU-827F4914,20.51,USD,10,15,100,MKT-WEST,4,in_stock,True,csv,2025-11-28T00:38:16.961727
68744816-01e4-433d-80f8-6a9cef0ac5ca,V-001,SKU-827F4914,21.89,USD,5,0,,MKT-NORTHEAST,7,in_stock,True,csv,2025-11-28T00:38:16.961737
9d76fdca-aaa8-4f7f-b7a2-216c68675935,V-002,SKU-827F4914,23.75,USD,25,15,50,MKT-WEST,3,in_stock,True,csv,2025-11-28T00:38:16.961752
ce775ca1-00f2-492c-a91e-98f84400148b,V-003,SKU-0FD0C257,52.23,USD,10,0,,MKT-NORTHEAST,10,in_stock,True,csv,2025-11-28T00:38:16.961769
cbe563c2-a0d1-4443-a556-7fdf26237ec2,V-003,SKU-0FD0C257,50.75,USD,5,,,MKT-MIDWEST,1,low_stock,True,csv,2025-11-28T00:38:16.961778
3383ce8f-66bb-4b59-a75d-ece5ae90022d,V-003,SKU-0FD0C257,52.05,USD,10,5,250,MKT-WEST,14,in_stock,True,csv,2025-11-28T00:38:16.961788
556090eb-6cef-40a5-ab36-17959019df96,V-004,SKU-0FD0C257,54.08,USD,1,10,250,MKT-WEST,1,out_of_stock,True,csv,2025-11-28T00:38:16.961800
a86ba528-2513-4eb0-8f5f-8db23c43499c,V-001,SKU-0FD0C257,48.49,USD,5,15,100,MKT-WEST,12,in_stock,True,csv,2025-11-28T00:38:16.961812
3adec3a3-c3d4-4849-911c-d191279166a1,V-001,SKU-0FD0C257,49.65,USD,1,,,MKT-NORTHEAST,11,in_stock,True,csv,2025-11-28T00:38:16.961825
65fd4b30-1cc8-413f-95ce-bff2cdeac686,V-005,SKU-0FD0C257,53.05,USD,25,,,MKT-WEST,5,in_stock,True,csv,2025-11-28T00:38:16.961836
a70c77c3-b2e4-4807-b4a3-dea30e6ceca4,V-005,SKU-0FD0C257,51.09,USD,5,15,,MKT-MIDWEST,11,in_stock,True,csv,2025-11-28T00:38:16.961846
3e6db394-747e-4bf9-bc2e-07e67824c636,V-005,SKU-0FD0C257,51.27,USD,5,10,,MKT-NORTHEAST,13,in_stock,True,csv,2025-11-28T00:38:16.961856
11ec5f55-d8f4-4816-8733-8d5cfe249628,V-001,SKU-EAA7CDB0,58.97,USD,1,,,MKT-WEST,11,in_stock,True,csv,2025-11-28T00:38:16.961877
a410c0e7-9a05-4ae4-b26a-86198540e605,V-001,SKU-EAA7CDB0,58.31,USD,5,15,,MKT-NORTHEAST,2,low_stock,True,csv,2025-11-28T00:38:16.961887
35f27865-8c97-4c94-9702-343671a7fe2c,V-001,SKU-EAA7CDB0,58.36,USD,10,,,MKT-MIDWEST,12,in_stock,True,csv,2025-11-28T00:38:16.961897
14d7c4d6-4ec2-4f2f-87cf-7baab0ebc74b,V-004,SKU-EAA7CDB0,65.11,USD,5,5,50,MKT-WEST,9,in_stock,True,csv,2025-11-28T00:38:16.961910
9ac75ab3-69a6-4539-a9de-22aeaeb1534e,V-002,SKU-EAA7CDB0,58.91,USD,1,5,,MKT-MIDWEST,10,low_stock,True,csv,2025-11-28T00:38:16.961922
0a1eb367-4323-40dc-8208-ba0bd2a38913,V-002,SKU-EAA7CDB0,56.95,USD,10,,,MKT-NORTHEAST,11,in_stock,True,csv,2025-11-28T00:38:16.961932
1d2c6c9a-398d-46cc-9c39-2c2ee6ac0413,V-003,SKU-B7EBF4BB,17.91,USD,5,10,100,MKT-WEST,6,low_stock,True,csv,2025-11-28T00:38:16.961947
3236e02c-6439-44aa-b837-0edfd44a3110,V-003,SKU-B7EBF4BB,18.33,USD,10,10,,MKT-NORTHEAST,7,in_stock,True,csv,2025-11-28T00:38:16.961960
e3e4169d-1963-488e-9885-d4c351ac3f64,V-003,SKU-B7EBF4BB,17.35,USD,5,,250,MKT-MIDWEST,9,low_stock,True,csv,2025-11-28T00:38:16.961970
c999e8f2-8e16-4e60-ad3a-71ac69658483,V-004,SKU-B7EBF4BB,18.35,USD,5,,100,MKT-MIDWEST,3,out_of_stock,True,csv,2025-11-28T00:38:16.961981
5b73d9ee-8512-4779-9c4a-d553d280b1cc,V-003,SKU-ADA4C7BB,50.4,USD,5,10,50,MKT-WEST,12,out_of_stock,True,csv,2025-11-28T00:38:16.962004
37edd1b9-980c-4770-9134-275039d5ec86,V-003,SKU-ADA4C7BB,50.47,USD,1,0,250,MKT-MIDWEST,5,in_stock,True,csv,2025-11-28T00:38:16.962015
a0a02f9b-879b-4967-82fc-4e97fcf7d9bf,V-002,SKU-ADA4C7BB,54.4,USD,10,,50,MKT-NORTHEAST,9,in_stock,True,csv,2025-11-28T00:38:16.962027
665d2e62-ad9a-42bd-88bb-751ee8dd4b92,V-002,SKU-ADA4C7BB,54.52,USD,1,5,100,MKT-MIDWEST,1,in_stock,True,csv,2025-11-28T00:38:16.962037
2b90288b-3d39-4d31-a777-1864bc683114,V-002,SKU-ADA4C7BB,54.23,USD,10,15,,MKT-WEST,13,in_stock,True,csv,2025-11-28T00:38:16.962050
19eb05e9-4ae4-43f1-a536-6a3058330def,V-005,SKU-ADA4C7BB,54.57,USD,1,10,,MKT-MIDWEST,1,in_stock,True,csv,2025-11-28T00:38:16.962062
4bede52c-38f8-47ae-a74b-eac74ed78f2f,V-001,SKU-ADA4C7BB,47.59,USD,1,10,,MKT-NORTHEAST,10,in_stock,True,csv,2025-11-28T00:38:16.962074
67b0b1d4-6a71-4cfc-8b59-6dea8957c778,V-003,SKU-B2DBA553,83.12,USD,25,0,50,MKT-NORTHEAST,4,in_stock,True,csv,2025-11-28T00:38:16.962097
f9e02ee9-aaa1-47d7-964d-8be7dbeefc06,V-005,SKU-B2DBA553,107.11,USD,1,10,100,MKT-WEST,2,low_stock,True,csv,2025-11-28T00:38:16.962109
50a59ca7-aab3-4d43-bfe0-fbe5b919db8f,V-001,SKU-B2DBA553,82.1,USD,1,15,250,MKT-MIDWEST,7,low_stock,True,csv,2025-11-28T00:38:16.962122
3d2f9962-106a-47c6-b3a7-1a3a8f79c41a,V-003,SKU-188D1A54,36.37,USD,1,,,MKT-WEST,11,low_stock,True,csv,2025-11-28T00:38:16.962142
2c20c0b4-3cec-4d90-a36f-b9b7099b0007,V-004,SKU-188D1A54,33.11,USD,10,,50,MKT-WEST,8,in_stock,True,csv,2025-11-28T00:38:16.962155
3cccbb73-4dc3-4b36-a6b8-87ad6058856a,V-004,SKU-188D1A54,35.56,USD,10,,,MKT-MIDWEST,10,in_stock,True,csv,2025-11-28T00:38:16.962165
ec65134f-c90d-4508-9f24-392d139969d3,V-005,SKU-188D1A54,38.57,USD,1,,250,MKT-WEST,10,in_stock,True,csv,2025-11-28T00:38:16.962177
5fc93865-8435-4945-a166-31a53fa19cb3,V-005,SKU-188D1A54,36.92,USD,10,0,,MKT-MIDWEST,4,out_of_stock,True,csv,2025-11-28T00:38:16.962188
e6578422-5fc4-43dd-8d96-d58411820dd8,V-005,SKU-188D1A54,36.87,USD,10,,250,MKT-NORTHEAST,4,in_stock,True,csv,2025-11-28T00:38:16.962201
e692babb-8d58-4321-b694-4774fb7bfb59,V-003,SKU-EFCFBAAC,19.07,USD,25,,,MKT-NORTHEAST,14,out_of_stock,True,csv,2025-11-28T00:38:16.962221
c5d04d1f-8fb2-4e70-8a43-c663a1613edb,V-003,SKU-EFCFBAAC,19.3,USD,10,,,MKT-MIDWEST,10,in_stock,True,csv,2025-11-28T00:38:16.962232
c9e9c838-d26c-4c92-a49e-e79eb35502f2,V-001,SKU-EFCFBAAC,22.44,USD,25,0,,MKT-WEST,12,out_of_stock,True,csv,2025-11-28T00:38:16.962250
21a89099-01e0-4a5a-add5-99e90dcad465,V-001,SKU-EFCFBAAC,22.89,USD,25,0,250,MKT-NORTHEAST,12,in_stock,True,csv,2025-11-28T00:38:16.962261
31377da5-155e-4c3c-ab51-59abe303af1f,V-001,SKU-EFCFBAAC,21.54,USD,25,,50,MKT-MIDWEST,12,in_stock,True,csv,2025-11-28T00:38:16.962282
d9065061-bd9c-4395-9d94-216323485481,V-002,SKU-EFCFBAAC,19.05,USD,25,0,,MKT-WEST,6,in_stock,True,csv,2025-11-28T00:38:16.962301
f447b384-167a-4dd4-9b5b-2225ed499c19,V-002,SKU-EFCFBAAC,19.79,USD,25,,50,MKT-MIDWEST,8,in_stock,True,csv,2025-11-28T00:38:16.962311
fe49eb59-9de4-420b-a982-fc9622d23cbe,V-002,SKU-EFCFBAAC,18.85,USD,1,10,,MKT-NORTHEAST,8,in_stock,True,csv,2025-11-28T00:38:16.962321
64f0f09a-0e8a-4b92-b982-b890cc605966,V-002,SKU-1491A38E,34.47,USD,5,5,250,MKT-MIDWEST,4,low_stock,True,csv,2025-11-28T00:38:16.962337
6fb086ab-52d9-4c6b-b398-fa790ab3f8b7,V-001,SKU-1491A38E,33.95,USD,1,0,,MKT-WEST,2,in_stock,True,csv,2025-11-28T00:38:16.962350
88283dda-6ff5-4818-8fa5-0e1d4c0e4a9b,V-001,SKU-1491A38E,35.35,USD,5,,250,MKT-MIDWEST,7,out_of_stock,True,csv,2025-11-28T00:38:16.962361
6c836beb-bf72-4788-859a-6390fa09d727,V-001,SKU-1491A38E,31.55,USD,5,15,250,MKT-NORTHEAST,1,out_of_stock,True,csv,2025-11-28T00:38:16.962371
b239da08-9d8d-4a18-805e-989fb7bf59b2,V-003,SKU-1491A38E,34.93,USD,1,0,250,MKT-WEST,12,in_stock,True,csv,2025-11-28T00:38:16.962384
c137ef8d-001d-4a81-8ced-8792ba3a4e4c,V-003,SKU-1491A38E,35.95,USD,1,,,MKT-MIDWEST,8,in_stock,True,csv,2025-11-28T00:38:16.962393
55f7311b-b230-451e-9d13-8c7b04662d8b,V-003,SKU-1491A38E,35.5,USD,25,15,100,MKT-NORTHEAST,2,in_stock,True,csv,2025-11-28T00:38:16.962409
a06d2384-6097-40de-93c8-1c02bb1281c5,V-004,SKU-1491A38E,34.77,USD,10,5,,MKT-MIDWEST,13,out_of_stock,True,csv,2025-11-28T00:38:16.962421
e3673d6f-b15f-443e-8b34-4b752d54a855,V-004,SKU-1491A38E,36.85,USD,5,10,50,MKT-WEST,1,in_stock,True,csv,2025-11-28T00:38:16.962431
3e8b950d-c52c-4c70-8eba-4a7ca70dcca3,V-003,SKU-1B2B38D0,33.33,USD,25,5,,MKT-WEST,1,in_stock,True,csv,2025-11-28T00:38:16.962447
80f43c12-e372-4a56-9e68-f02b458ab9a3,V-005,SKU-1B2B38D0,38.51,USD,25,,,MKT-WEST,11,in_stock,True,csv,2025-11-28T00:38:16.962459
bc07a447-c60f-4b16-8148-13dea1053a08,V-005,SKU-1B2B38D0,35.67,USD,25,10,50,MKT-MIDWEST,12,in_stock,True,csv,2025-11-28T00:38:16.962469
b41626d2-cc5b-413f-ab04-78aad4566f11,V-001,SKU-1B2B38D0,35.23,USD,10,,100,MKT-WEST,5,in_stock,True,csv,2025-11-28T00:38:16.962481
f9297e82-eb54-4e68-9799-24c4618ba82f,V-001,SKU-1B2B38D0,33.83,USD,25,,100,MKT-NORTHEAST,12,in_stock,True,csv,2025-11-28T00:38:16.962491
6404d3ec-9a1a-4e4b-9195-1a3a42f9c3cb,V-001,SKU-1B2B38D0,31.39,USD,5,15,50,MKT-MIDWEST,3,in_stock,True,csv,2025-11-28T00:38:16.962501
8c3743d4-3b14-4243-84f3-69e61877323c,V-005,SKU-DD30BB01,24.75,USD,25,,250,MKT-WEST,8,in_stock,True,csv,2025-11-28T00:38:16.962517
1823bc3e-9cb6-4cd5-b1a3-b33d2c6907fe,V-005,SKU-DD30BB01,23.97,USD,25,,250,MKT-NORTHEAST,5,in_stock,True,csv,2025-11-28T00:38:16.962531
8df52f76-15a2-453e-9fee-9149c734de6e,V-005,SKU-DD30BB01,23.04,USD,10,,250,MKT-MIDWEST,1,low_stock,True,csv,2025-11-28T00:38:16.962541
c77a42ad-d863-4952-9672-bb8b53eb82f2,V-004,SKU-DD30BB01,26.51,USD,5,0,250,MKT-MIDWEST,9,out_of_stock,True,csv,2025-11-28T00:38:16.962554
6a8be142-9821-4a9b-bc37-04bd2915fa58,V-004,SKU-DD30BB01,24.86,USD,1,15,50,MKT-WEST,1,out_of_stock,True,csv,2025-11-28T00:38:16.962564
8d0df2ab-9098-4687-9ec5-088520cda76c,V-004,SKU-DD30BB01,24.45,USD,25,5,,MKT-NORTHEAST,10,in_stock,True,csv,2025-11-28T00:38:16.962574
69ad277a-c9dc-4d27-be78-3b47b4cb0894,V-001,SKU-DD30BB01,25.07,USD,1,15,250,MKT-NORTHEAST,14,out_of_stock,True,csv,2025-11-28T00:38:16.962586
5e1cb8aa-3bac-481f-a941-4cd369d95a83,V-004,SKU-9A5E7DAE,54.82,USD,1,,250,MKT-NORTHEAST,7,low_stock,True,csv,2025-11-28T00:38:16.962604
5ead2c91-44a8-4135-8491-6620d95c54b4,V-003,SKU-9A5E7DAE,58.53,USD,10,,250,MKT-NORTHEAST,12,low_stock,True,csv,2025-11-28T00:38:16.962616
0e3b1ff7-d7d9-4bd8-a695-00f5b9fbf0c7,V-003,SKU-9A5E7DAE,55.05,USD,25,10,,MKT-WEST,5,in_stock,True,csv,2025-11-28T00:38:16.962629
c117113a-c87e-4a5c-b31f-4b3ccd7ec628,V-005,SKU-9A5E7DAE,52.31,USD,5,,50,MKT-WEST,7,low_stock,True,csv,2025-11-28T00:38:16.962640
3447f70e-39ab-4989-b5e9-276b9dc48886,V-002,SKU-9A5E7DAE,48.5,USD,5,0,250,MKT-MIDWEST,11,low_stock,True,csv,2025-11-28T00:38:16.962655
a8de1837-ad2e-4633-85ce-836428885d54,V-002,SKU-DB1A0F88,42.39,USD,10,,100,MKT-WEST,1,in_stock,True,csv,2025-11-28T00:38:16.962670
8bbd17e6-c549-43da-8183-9dbf2555f671,V-002,SKU-DB1A0F88,41.26,USD,1,10,,MKT-MIDWEST,14,in_stock,True,csv,2025-11-28T00:38:16.962680
f82a2e8c-6ace-421f-b96d-58a474d4c42f,V-004,SKU-DB1A0F88,40.53,USD,5,,250,MKT-WEST,10,in_stock,True,csv,2025-11-28T00:38:16.962692
eb0fcb23-1f1e-4f6e-8ab9-2ad79cbc2d9e,V-004,SKU-DB1A0F88,39.16,USD,25,15,100,MKT-MIDWEST,4,in_stock,True,csv,2025-11-28T00:38:16.962703
4f97b232-4707-442b-bbd9-1d1886a5d876,V-004,SKU-DB1A0F88,42.44,USD,25,,,MKT-NORTHEAST,5,in_stock,True,csv,2025-11-28T00:38:16.962713
efe4daf2-afb0-4419-8dcc-f1482baed60e,V-005,SKU-DB1A0F88,37.88,USD,5,,50,MKT-NORTHEAST,5,in_stock,True,csv,2025-11-28T00:38:16.962725
d648559e-1f24-46bc-b19e-867c8998bbbd,V-005,SKU-DB1A0F88,37.73,USD,10,,,MKT-WEST,1,in_stock,True,csv,2025-11-28T00:38:16.962735
99674b0c-6972-4209-bb74-fe2d1b59c935,V-005,SKU-DB1A0F88,37.42,USD,1,,,MKT-MIDWEST,14,in_stock,True,csv,2025-11-28T00:38:16.962744
305e15f3-69b6-4fa3-9134-edcf9d587a3a,V-005,SKU-969A99DF,15.7,USD,10,10,250,MKT-WEST,2,low_stock,True,csv,2025-11-28T00:38:16.962760
a1dc450f-f042-4a02-85d3-50e942c6f0c3,V-005,SKU-969A99DF,14.61,USD,1,,,MKT-MIDWEST,6,in_stock,True,csv,2025-11-28T00:38:16.962774
4d4eb9ba-373c-4451-844b-539f65590a47,V-001,SKU-969A99DF,14.11,USD,10,5,,MKT-NORTHEAST,10,in_stock,True,csv,2025-11-28T00:38:16.962786
ecd8ac2b-8b9e-4af3-803a-00447f0f471b,V-002,SKU-84F848A5,37.6,USD,10,,50,MKT-WEST,1,low_stock,True,csv,2025-11-28T00:38:16.962800
6427b73f-6f13-48ed-8722-07a661a5e4ae,V-003,SKU-84F848A5,36.89,USD,10,10,250,MKT-MIDWEST,2,in_stock,True,csv,2025-11-28T00:38:16.962813
3f679fdd-c2bb-46f0-bf50-d98d2cfe1a8f,V-003,SKU-84F848A5,33.66,USD,1,,100,MKT-NORTHEAST,6,in_stock,True,csv,2025-11-28T00:38:16.962825
7def6ff2-d2bf-4bba-8c44-2bd364d69a91,V-003,SKU-84F848A5,33.94,USD,25,,,MKT-WEST,11,in_stock,True,csv,2025-11-28T00:38:16.962835
dedfbc39-26cb-44e9-a984-d6cf1095f696,V-004,SKU-84F848A5,40.83,USD,10,5,100,MKT-WEST,14,in_stock,True,csv,2025-11-28T00:38:16.962848
d4d66157-eb6d-4cd0-936a-0fd347429aff,V-004,SKU-84F848A5,39.74,USD,1,15,250,MKT-MIDWEST,9,in_stock,True,csv,2025-11-28T00:38:16.962858
0256ae39-15ad-4337-a2e1-dea94d57bdf7,V-004,SKU-84F848A5,38.44,USD,10,,100,MKT-NORTHEAST,10,in_stock,True,csv,2025-11-28T00:38:16.962868
bb8f3bf6-2d9d-47fe-adfe-05d26602488e,V-001,SKU-BB00CA94,48.5,USD,25,,,MKT-MIDWEST,3,in_stock,True,csv,2025-11-28T00:38:16.962884
d43f7cb0-5ea3-4c01-9521-5e964a41fa83,V-001,SKU-BB00CA94,50.79,USD,25,0,,MKT-WEST,1,in_stock,True,csv,2025-11-28T00:38:16.962896
7812918e-d01a-4fe5-80a7-444a962d1ceb,V-005,SKU-BB00CA94,53.5,USD,10,15,,MKT-WEST,11,in_stock,True,csv,2025-11-28T00:38:16.962908
498d4259-0158-4014-b35c-460efaaba963,V-005,SKU-BB00CA94,50.63,USD,5,0,,MKT-MIDWEST,14,in_stock,True,csv,2025-11-28T00:38:16.962918
9b19214e-a5a1-4caf-bc2c-0fd125e579d6,V-005,SKU-BB00CA94,54.63,USD,25,10,100,MKT-NORTHEAST,11,in_stock,True,csv,2025-11-28T00:38:16.962928
02b156f6-c93e-4f5f-b8d8-ea0941313f48,V-003,SKU-AB9F46C4,21.07,USD,5,5,100,MKT-NORTHEAST,3,in_stock,True,csv,2025-11-28T00:38:16.962944
29e8a5f8-4172-4b25-bc98-afdf500306e7,V-002,SKU-AB9F46C4,24.69,USD,5,15,250,MKT-MIDWEST,9,low_stock,True,csv,2025-11-28T00:38:16.962957
d378e5d8-c5ae-49cd-aab8-c6af0f675c13,V-002,SKU-AB9F46C4,24.88,USD,10,,,MKT-NORTHEAST,7,in_stock,True,csv,2025-11-28T00:38:16.962967
05a8cc91-84dd-4d72-8056-933dfa927ff1,V-002,SKU-AB9F46C4,24.22,USD,1,,250,MKT-WEST,10,in_stock,True,csv,2025-11-28T00:38:16.962979
15f3157c-1f7e-4a26-83f5-dc3dbe3811a2,V-005,SKU-AB9F46C4,22.5,USD,10,,,MKT-MIDWEST,4,in_stock,True,csv,2025-11-28T00:38:16.963000
2d32304b-b2dd-4ea2-8a4e-3ac3855ff947,V-001,SKU-AB9F46C4,27.71,USD,5,15,,MKT-MIDWEST,10,out_of_stock,True,csv,2025-11-28T00:38:16.963026
f4cada31-a721-42bc-afba-3c67f89d3350,V-002,SKU-DBCC5ACF,40.29,USD,10,,250,MKT-WEST,8,low_stock,True,csv,2025-11-28T00:38:16.963052
8ff1d677-8fe6-49a7-81de-ed854463482c,V-001,SKU-DBCC5ACF,40.89,USD,25,10,250,MKT-WEST,7,in_stock,True,csv,2025-11-28T00:38:16.963064
9c96522c-8efe-48a3-beff-5d2ec885e27f,V-003,SKU-CBA27588,63.12,USD,5,5,,MKT-MIDWEST,14,low_stock,True,csv,2025-11-28T00:38:16.963079
dc3dc0b6-989c-4714-b3ae-dbade3190c56,V-001,SKU-CBA27588,68.83,USD,10,0,,MKT-NORTHEAST,10,out_of_stock,True,csv,2025-11-28T00:38:16.963096
49ddf660-85d2-4fcd-be75-09cf247cc464,V-001,SKU-CBA27588,62.6,USD,1,,,MKT-WEST,2,in_stock,True,csv,2025-11-28T00:38:16.963106
1aaa6d44-7c75-40a2-8ddf-f326cd3da8e7,V-004,SKU-CBA27588,60.22,USD,5,10,100,MKT-NORTHEAST,14,in_stock,True,csv,2025-11-28T00:38:16.963119
62a7cda3-fd29-4a48-b336-9b1712664d30,V-003,SKU-14069C53,56.21,USD,1,,100,MKT-WEST,13,in_stock,True,csv,2025-11-28T00:38:16.963134
f5400314-bb7f-45cb-a16b-0fbd627820db,V-003,SKU-14069C53,60.07,USD,5,,50,MKT-NORTHEAST,2,in_stock,True,csv,2025-11-28T00:38:16.963144
55d864c9-d24b-4776-9ac6-e0443b1fe457,V-003,SKU-14069C53,54.61,USD,25,,50,MKT-MIDWEST,9,in_stock,True,csv,2025-11-28T00:38:16.963156
ccc48736-8295-4b1a-b81e-9a520693122e,V-001,SKU-14069C53,57.03,USD,5,,250,MKT-NORTHEAST,10,in_stock,True,csv,2025-11-28T00:38:16.963169
186873b2-b867-4bd9-a4dd-939aa446b698,V-001,SKU-14069C53,58.53,USD,5,5,,MKT-WEST,7,in_stock,True,csv,2025-11-28T00:38:16.963181
4434692d-8883-4da4-b66e-383d8e76a38b,V-001,SKU-14069C53,57.9,USD,10,15,100,MKT-MIDWEST,4,low_stock,True,csv,2025-11-28T00:38:16.963191
2ffee1d5-ef85-4e09-a231-9edc27a387ca,V-001,SKU-ED2C45FA,60.91,USD,25,10,,MKT-NORTHEAST,5,in_stock,True,csv,2025-11-28T00:38:16.963206
bf265905-3fd0-4094-b01e-7ae273bdd89a,V-002,SKU-ED2C45FA,65.11,USD,5,,50,MKT-MIDWEST,12,in_stock,True,csv,2025-11-28T00:38:16.963218
39020834-8d1d-4723-8de3-4317b55a1131,V-003,SKU-ED2C45FA,52.88,USD,1,10,50,MKT-WEST,4,low_stock,True,csv,2025-11-28T00:38:16.963230
6d8a3010-56f5-40a2-b9e0-d0abd866740e,V-003,SKU-ED2C45FA,55.98,USD,5,15,,MKT-NORTHEAST,12,in_stock,True,csv,2025-11-28T00:38:16.963240
12e4c3c7-a9f3-43e5-a19e-6bafc92f9ce9,V-004,SKU-ED2C45FA,65.98,USD,1,,100,MKT-NORTHEAST,1,in_stock,True,csv,2025-11-28T00:38:16.963252
4d7df3f1-7956-421e-8cde-90fc910f9262,V-004,SKU-ED2C45FA,71.52,USD,5,,100,MKT-WEST,6,in_stock,True,csv,2025-11-28T00:38:16.963262
ab895a5a-5998-4e5b-b9d2-7c41d58e1a59,V-005,SKU-6B497803,39.91,USD,5,,50,MKT-NORTHEAST,14,low_stock,True,csv,2025-11-28T00:38:16.963287
a45a0f68-04fc-434e-b69d-a22f83ddcf20,V-002,SKU-6B497803,35.32,USD,1,10,50,MKT-MIDWEST,12,in_stock,True,csv,2025-11-28T00:38:16.963302
1202181b-6d48-4d30-b273-c8352dc75bd2,V-002,SKU-6B497803,40.42,USD,25,,100,MKT-WEST,7,in_stock,True,csv,2025-11-28T00:38:16.963766
e43ee64a-3587-4da4-9329-dfea3c2f7740,V-004,SKU-8B14054B,98.72,USD,5,,250,MKT-NORTHEAST,10,out_of_stock,True,csv,2025-11-28T00:38:16.963833
f449dde5-f89d-4db2-9aab-1c81592893a6,V-004,SKU-8B14054B,91.55,USD,5,5,50,MKT-WEST,7,low_stock,True,csv,2025-11-28T00:38:16.963845
5d1f03b6-5251-4d7f-8141-ff729a4203e4,V-004,SKU-8B14054B,102.02,USD,10,10,,MKT-MIDWEST,11,low_stock,True,csv,2025-11-28T00:38:16.963855
bf360091-7755-445e-a92c-3d95ce31eef6,V-002,SKU-8B14054B,93.57,USD,1,,100,MKT-MIDWEST,10,in_stock,True,csv,2025-11-28T00:38:16.963868
bd374e23-47b4-4ee9-8e76-1d1f5e3027e3,V-002,SKU-8B14054B,91.71,USD,10,,,MKT-NORTHEAST,14,low_stock,True,csv,2025-11-28T00:38:16.963878
67794258-33e5-43f3-8bc2-b7d873510535,V-002,SKU-8B14054B,86.48,USD,10,15,,MKT-WEST,1,in_stock,True,csv,2025-11-28T00:38:16.963888
e0223412-ff51-4450-be4f-e28fb515bb58,V-005,SKU-A2BB1178,68.8,USD,25,,50,MKT-WEST,10,in_stock,True,csv,2025-11-28T00:38:16.963904
a8374aad-3821-40db-a0de-d9b1d93deb0d,V-005,SKU-A2BB1178,65.75,USD,1,,250,MKT-MIDWEST,4,in_stock,True,csv,2025-11-28T00:38:16.963914
28e1fa65-e7a5-4e61-93f7-d6ed8bb4c8d4,V-003,SKU-A2BB1178,72.9,USD,10,5,,MKT-NORTHEAST,5,in_stock,True,csv,2025-11-28T00:38:16.963926
770dc585-a73d-4b1d-9238-7f685692c00e,V-003,SKU-A2BB1178,69.46,USD,25,10,,MKT-WEST,10,in_stock,True,csv,2025-11-28T00:38:16.963939
9616c669-be77-4950-8af7-d26a9f09483c,V-003,SKU-A2BB1178,69.29,USD,1,0,250,MKT-MIDWEST,13,out_of_stock,True,csv,2025-11-28T00:38:16.963950
0dbb2960-edf7-40d7-a131-ca8d103a745e,V-003,SKU-9165795F,46.12,USD,1,0,250,MKT-NORTHEAST,5,low_stock,True,csv,2025-11-28T00:38:16.963966
3c8b7593-c49c-4008-922b-f4b888890537,V-003,SKU-9165795F,46.69,USD,1,,50,MKT-WEST,9,low_stock,True,csv,2025-11-28T00:38:16.963976
e98646c2-8df5-4d5d-acd4-141e55ab8058,V-004,SKU-9165795F,51.39,USD,25,,,MKT-NORTHEAST,6,in_stock,True,csv,2025-11-28T00:38:16.963988
2d231a50-a633-4673-b8f7-da383f6d9c40,V-005,SKU-FBF34958,86.07,USD,25,10,50,MKT-MIDWEST,8,in_stock,True,csv,2025-11-28T00:38:16.964004
378891e6-e56f-4b76-be19-ff5d9a39f96f,V-005,SKU-FBF34958,85.96,USD,10,5,,MKT-NORTHEAST,2,low_stock,True,csv,2025-11-28T00:38:16.964014
c4d4e5fd-f7e2-4f09-ba26-1af07873cb27,V-005,SKU-FBF34958,89.66,USD,10,5,100,MKT-WEST,4,in_stock,True,csv,2025-11-28T00:38:16.964025
284aa60d-6647-4b2b-9d6c-7379b71f5b3f,V-003,SKU-FBF34958,96.54,USD,5,,,MKT-WEST,11,low_stock,True,csv,2025-11-28T00:38:16.964037
98839bd2-56b5-4bc5-9565-e00061160010,V-003,SKU-FBF34958,97.95,USD,1,,100,MKT-NORTHEAST,3,low_stock,True,csv,2025-11-28T00:38:16.964047
b106c5ec-cae8-490c-8780-deafe42d227f,V-004,SKU-FBF34958,89.66,USD,5,10,50,MKT-WEST,1,in_stock,True,csv,2025-11-28T00:38:16.964063
c15ef019-f2a0-441b-ae38-6274ff4b278c,V-004,SKU-FBF34958,93.4,USD,10,5,250,MKT-MIDWEST,9,in_stock,True,csv,2025-11-28T00:38:16.964074
2d4a6fb2-0bf2-4d35-80b7-307e01bbf455,V-004,SKU-FBF34958,97.34,USD,5,0,,MKT-NORTHEAST,14,in_stock,True,csv,2025-11-28T00:38:16.964089
d6fb9558-9ef5-4b18-86a8-1671499a6e8e,V-002,SKU-FBF34958,111.82,USD,1,,100,MKT-NORTHEAST,2,in_stock,True,csv,2025-11-28T00:38:16.964103
30558ea1-212c-4516-80cf-dcad9f421380,V-002,SKU-FBF34958,99.86,USD,5,10,250,MKT-WEST,10,in_stock,True,csv,2025-11-28T00:38:16.964113
3b4f7048-755e-4780-a9c4-9cd79854be9f,V-005,SKU-B349325F,91.68,USD,1,5,,MKT-MIDWEST,12,in_stock,True,csv,2025-11-28T00:38:16.964128
f32d9490-fd85-4695-9448-3c4397bf72a1,V-005,SKU-B349325F,92.04,USD,25,5,,MKT-WEST,7,in_stock,True,csv,2025-11-28T00:38:16.964138
eae849f4-0ded-4460-b52a-52a9077c6d13,V-003,SKU-B349325F,110.49,USD,25,,100,MKT-NORTHEAST,13,out_of_stock,True,csv,2025-11-28T00:38:16.964149
70d1674d-5dde-4ce6-91d6-8fe712960c09,V-003,SKU-B349325F,100.62,USD,10,5,50,MKT-MIDWEST,5,in_stock,True,csv,2025-11-28T00:38:16.964160
560b4c78-0bbf-4098-93c3-031e5c08967f,V-002,SKU-9603DB4F,58.96,USD,1,,,MKT-NORTHEAST,6,in_stock,True,csv,2025-11-28T00:38:16.964175
7909dfda-8079-4ee1-9600-4b954241b3bb,V-002,SKU-9603DB4F,54.53,USD,25,10,100,MKT-MIDWEST,13,low_stock,True,csv,2025-11-28T00:38:16.964188
4514c0fd-f9b5-4e9d-8b1a-e54f21fd1f5f,V-002,SKU-9603DB4F,61.69,USD,10,,,MKT-WEST,13,low_stock,True,csv,2025-11-28T00:38:16.964200
d489e2c6-b4f8-4f06-8597-ee7bbdcfccbe,V-004,SKU-9603DB4F,56.02,USD,10,,100,MKT-WEST,12,in_stock,True,csv,2025-11-28T00:38:16.964212
6aaf94e1-fa4a-492e-8d92-ae1abda85447,V-004,SKU-9603DB4F,59.98,USD,5,,,MKT-MIDWEST,11,in_stock,True,csv,2025-11-28T00:38:16.964223
e7b9b2bc-f43b-427a-92fd-19be411c1406,V-004,SKU-9603DB4F,58.88,USD,10,5,50,MKT-NORTHEAST,4,low_stock,True,csv,2025-11-28T00:38:16.964233
8dc7d103-53b9-44af-9c87-070746e01100,V-001,SKU-9603DB4F,47.78,USD,10,,50,MKT-MIDWEST,8,in_stock,True,csv,2025-11-28T00:38:16.964245
7d5c52b8-77fd-4c0f-a9e4-28205b582a80,V-003,SKU-9603DB4F,61.16,USD,10,10,100,MKT-MIDWEST,2,out_of_stock,True,csv,2025-11-28T00:38:16.964257
575800cb-8635-4165-92f9-a42bb83b4562,V-003,SKU-9603DB4F,55.6,USD,5,,,MKT-WEST,11,low_stock,True,csv,2025-11-28T00:38:16.964267
c2fd05d2-c878-4ed9-beea-6841929d6041,V-001,SKU-164617C8,59.67,USD,10,15,,MKT-WEST,2,in_stock,True,csv,2025-11-28T00:38:16.964302
0f5a77f3-9a86-4f29-bce6-7acfaa7066de,V-001,SKU-164617C8,56.79,USD,1,10,50,MKT-MIDWEST,7,in_stock,True,csv,2025-11-28T00:38:16.964314
86ae2612-16a1-4e61-9c60-a64b74892914,V-002,SKU-164617C8,55.15,USD,10,,,MKT-WEST,13,in_stock,True,csv,2025-11-28T00:38:16.964328
75d7db24-1f80-4217-b802-208333681db4,V-005,SKU-164617C8,51.53,USD,10,,250,MKT-WEST,13,in_stock,True,csv,2025-11-28T00:38:16.964341
5cf72225-749a-46bf-9c31-847d3fe55e01,V-003,SKU-164617C8,53.91,USD,25,0,,MKT-NORTHEAST,5,in_stock,True,csv,2025-11-28T00:38:16.964355
c7c84a91-1342-47f2-a59f-bee9ebf04100,V-003,SKU-164617C8,50.85,USD,5,15,,MKT-MIDWEST,9,in_stock,True,csv,2025-11-28T00:38:16.964365
7c2f7101-5c19-4833-8883-3a1ecced66c7,V-004,SKU-4AB595A2,26.08,USD,10,0,250,MKT-MIDWEST,12,low_stock,True,csv,2025-11-28T00:38:16.964382
5734b02b-a797-43f2-9922-abcaea556bf7,V-001,SKU-4AB595A2,24.69,USD,25,,,MKT-MIDWEST,4,in_stock,True,csv,2025-11-28T00:38:16.964394
e139f95a-7fd8-4fb5-88ae-eb04af2aa36a,V-003,SKU-4AB595A2,26.25,USD,25,15,250,MKT-NORTHEAST,14,out_of_stock,True,csv,2025-11-28T00:38:16.964407
eca61345-3588-4436-b8bc-56ba73a0eca3,V-003,SKU-4AB595A2,26.01,USD,25,,,MKT-MIDWEST,10,in_stock,True,csv,2025-11-28T00:38:16.964418
b4856887-1972-478c-8f27-a6c3ea8a52d1,V-003,SKU-4AB595A2,26.4,USD,5,5,100,MKT-WEST,12,in_stock,True,csv,2025-11-28T00:38:16.964428
ff4f50f5-0565-4fa0-9dda-8f369c03d545,V-005,SKU-91110454,89.63,USD,5,0,,MKT-MIDWEST,3,in_stock,True,csv,2025-11-28T00:38:16.964443
dcac52f0-94d5-4318-96f1-4da82228aec7,V-005,SKU-91110454,91.17,USD,5,,,MKT-NORTHEAST,9,low_stock,True,csv,2025-11-28T00:38:16.964459
50154a60-f061-414a-8a22-de36c07fa457,V-004,SKU-91110454,105.47,USD,1,,,MKT-NORTHEAST,10,in_stock,True,csv,2025-11-28T00:38:16.964472
b7b375bc-d6a6-4318-bf43-46ef041a5016,V-004,SKU-91110454,99.34,USD,25,0,100,MKT-MIDWEST,9,in_stock,True,csv,2025-11-28T00:38:16.964483
c3297cb4-97a9-4752-b868-7a59e33b06a7,V-004,SKU-91110454,102.57,USD,10,10,,MKT-WEST,9,in_stock,True,csv,2025-11-28T00:38:16.964493
2fb2258f-29ba-4656-b884-5427ac387ac6,V-002,SKU-19574C21,38.23,USD,25,15,250,MKT-NORTHEAST,8,out_of_stock,True,csv,2025-11-28T00:38:16.964508
f7c98b89-9b30-4528-9274-32c6bf4a6305,V-002,SKU-19574C21,37.32,USD,5,,,MKT-WEST,7,low_stock,True,csv,2025-11-28T00:38:16.964518
d07b495b-4a75-4e28-96bc-1bf6aadc1e37,V-001,SKU-19574C21,41.87,USD,5,,,MKT-WEST,9,in_stock,True,csv,2025-11-28T00:38:16.964530
99391567-4160-4283-b599-6176167fa45e,V-001,SKU-19574C21,40.24,USD,5,,,MKT-NORTHEAST,3,in_stock,True,csv,2025-11-28T00:38:16.964540
c595da86-acbd-459a-86e2-d8e2c6a46d08,V-004,SKU-19574C21,31.76,USD,10,0,,MKT-NORTHEAST,7,in_stock,True,csv,2025-11-28T00:38:16.964552
b0f7b0ff-de98-4ff2-b6d9-4dd7a8e187bc,V-003,SKU-19574C21,38.02,USD,1,15,,MKT-NORTHEAST,12,in_stock,True,csv,2025-11-28T00:38:16.964564
3f7674b3-d7d7-42ec-b0bc-a134f50ae786,V-003,SKU-19574C21,42.57,USD,25,5,,MKT-WEST,8,out_of_stock,True,csv,2025-11-28T00:38:16.964576
b12e09c3-bde3-4951-803f-60f22d9a53ff,V-003,SKU-19574C21,41.99,USD,5,10,,MKT-MIDWEST,9,out_of_stock,True,csv,2025-11-28T00:38:16.964586
c22a2bd8-358d-4ee4-9e90-716afc9890d6,V-005,SKU-8FBA9E12,26.07,USD,5,,250,MKT-NORTHEAST,9,low_stock,True,csv,2025-11-28T00:38:16.964602
8073ba82-f85b-4aea-9480-e8d29b8355a7,V-005,SKU-8FBA9E12,25.58,USD,25,5,50,MKT-WEST,5,in_stock,True,csv,2025-11-28T00:38:16.964612
81c7edf3-839e-4ea6-914e-095dffc24cd3,V-005,SKU-8FBA9E12,26.31,USD,25,15,,MKT-MIDWEST,13,in_stock,True,csv,2025-11-28T00:38:16.964683
1306ad0d-c43e-44b8-80f8-0a123045a443,V-003,SKU-8FBA9E12,24.85,USD,25,,100,MKT-MIDWEST,8,out_of_stock,True,csv,2025-11-28T00:38:16.964711
d2437665-9feb-4ded-b916-0ed640c3eefc,V-003,SKU-8FBA9E12,24.68,USD,25,15,250,MKT-WEST,8,low_stock,True,csv,2025-11-28T00:38:16.964722
0a1a58dc-06bb-4417-a070-89172f786f99,V-003,SKU-8FBA9E12,24.58,USD,1,,250,MKT-NORTHEAST,2,in_stock,True,csv,2025-11-28T00:38:16.964733
6021dbfd-5398-47c1-b777-4e92a0421ea5,V-001,SKU-8FBA9E12,26.64,USD,1,15,100,MKT-WEST,2,out_of_stock,True,csv,2025-11-28T00:38:16.964746
2d73ac41-47ea-495b-92c8-546777c89827,V-001,SKU-8FBA9E12,24.19,USD,1,15,250,MKT-NORTHEAST,14,in_stock,True,csv,2025-11-28T00:38:16.964758
98fa99a8-02a0-40f4-9e2e-634c9a24bc53,V-002,SKU-5A8F616D,86.81,USD,10,0,,MKT-MIDWEST,5,low_stock,True,csv,2025-11-28T00:38:16.964782
61cdd287-9e76-4f6c-b8cb-564d5bc2f1b8,V-002,SKU-5A8F616D,85.82,USD,5,,250,MKT-NORTHEAST,12,out_of_stock,True,csv,2025-11-28T00:38:16.964793
90a84da5-4dd9-4909-be11-fe83fa402a21,V-002,SKU-5A8F616D,93.55,USD,10,,250,MKT-WEST,10,in_stock,True,csv,2025-11-28T00:38:16.964803
667ebaa5-9875-4033-abb5-fdf394fa0b7d,V-004,SKU-5A8F616D,90.98,USD,25,,250,MKT-WEST,4,in_stock,True,csv,2025-11-28T00:38:16.964816
ac78b4ba-150f-4873-ad99-e80d0ae3b97b,V-005,SKU-5A8F616D,96.1,USD,1,0,50,MKT-WEST,7,in_stock,True,csv,2025-11-28T00:38:16.964831
48bad664-2dd9-48d0-8543-847bce415138,V-003,SKU-8F8F7CF3,17.05,USD,10,10,,MKT-NORTHEAST,7,in_stock,True,csv,2025-11-28T00:38:16.964852
65478cce-4a61-424c-92d2-0a52bf1ca8c8,V-003,SKU-8F8F7CF3,16.29,USD,1,5,250,MKT-MIDWEST,11,in_stock,True,csv,2025-11-28T00:38:16.964863
c60359b1-3f80-4e1c-80d8-d1cd73d63948,V-004,SKU-8F8F7CF3,15.61,USD,1,5,50,MKT-NORTHEAST,11,in_stock,True,csv,2025-11-28T00:38:16.964875
9fcdf0fb-24d4-4a3b-8a2d-e9e7ace8f3f8,V-004,SKU-8F8F7CF3,15.11,USD,5,,250,MKT-WEST,13,in_stock,True,csv,2025-11-28T00:38:16.964885
4a22c98d-c61a-4f2c-bf8f-7ff858ace785,V-005,SKU-8F8F7CF3,15.67,USD,25,5,250,MKT-NORTHEAST,9,low_stock,True,csv,2025-11-28T00:38:16.964898
1a4129f9-e392-4fc9-a397-5a5be95b6b44,V-005,SKU-8F8F7CF3,15.08,USD,25,5,,MKT-MIDWEST,2,low_stock,True,csv,2025-11-28T00:38:16.964910
a7c0fe1e-33d8-4aa0-9fbc-dccf86600bdf,V-001,SKU-B5152DBC,19.23,USD,10,15,,MKT-NORTHEAST,3,in_stock,True,csv,2025-11-28T00:38:16.964925
beee5531-1056-4c4d-b606-49067e998105,V-001,SKU-B5152DBC,19.4,USD,10,5,250,MKT-MIDWEST,9,in_stock,True,csv,2025-11-28T00:38:16.964935
8171d638-f23c-4ee1-b0e1-95a54309c054,V-001,SKU-B5152DBC,21.3,USD,5,,50,MKT-WEST,6,in_stock,True,csv,2025-11-28T00:38:16.964945
ddcfd1c8-3a76-4331-a8a3-5f9a69509d30,V-003,SKU-B5152DBC,22.77,USD,5,,,MKT-WEST,2,in_stock,True,csv,2025-11-28T00:38:16.964957
6e151c87-882d-4f0c-83af-3812a8b87fcc,V-003,SKU-B5152DBC,21.24,USD,1,,250,MKT-MIDWEST,14,in_stock,True,csv,2025-11-28T00:38:16.964967
75d0294f-80c0-4282-96aa-54f351211bdb,V-003,SKU-ECFC2D16,32.57,USD,25,10,100,MKT-NORTHEAST,11,out_of_stock,True,csv,2025-11-28T00:38:16.964984
4f1d3623-c310-4232-a30b-f00c6c5b463d,V-003,SKU-ECFC2D16,34.71,USD,5,,250,MKT-WEST,11,in_stock,True,csv,2025-11-28T00:38:16.964993
caf72fe7-baed-4338-93b3-4894418c2199,V-002,SKU-ECFC2D16,33.21,USD,10,5,250,MKT-MIDWEST,8,in_stock,True,csv,2025-11-28T00:38:16.965006
7bd8dd77-94e6-43f0-be0c-53d8081c0c64,V-002,SKU-ECFC2D16,34.46,USD,10,15,100,MKT-NORTHEAST,9,in_stock,True,csv,2025-11-28T00:38:16.965016
1cfe3033-56c1-4ed5-a690-16d38314a97b,V-002,SKU-ECFC2D16,34.91,USD,1,,100,MKT-WEST,10,in_stock,True,csv,2025-11-28T00:38:16.965033
15fc6b59-f36c-4513-af50-71459a3a0738,V-001,SKU-ECFC2D16,43.63,USD,25,0,,MKT-MIDWEST,6,low_stock,True,csv,2025-11-28T00:38:16.965059
0c64b087-8343-4501-a566-0483f0421fa1,V-001,SKU-ECFC2D16,40.18,USD,25,,,MKT-WEST,14,low_stock,True,csv,2025-11-28T00:38:16.965076
702b88b7-e350-4f99-8376-2927bebbc726,V-001,SKU-ECFC2D16,42.7,USD,1,,100,MKT-NORTHEAST,7,in_stock,True,csv,2025-11-28T00:38:16.965105
ca0bed9b-6598-41b5-af02-7b161cd96ce1,V-004,SKU-ECFC2D16,43.02,USD,5,,100,MKT-NORTHEAST,14,in_stock,True,csv,2025-11-28T00:38:16.965126
86749173-e49e-481b-a001-b1a15e61c7c2,V-004,SKU-ECFC2D16,43.36,USD,1,,,MKT-WEST,12,in_stock,True,csv,2025-11-28T00:38:16.965136
163bafb9-7cf7-4a1d-9e27-552730af4046,V-004,SKU-ECFC2D16,41.21,USD,25,,,MKT-MIDWEST,9,in_stock,True,csv,2025-11-28T00:38:16.965146
da8d3c5c-64cb-4729-95d0-b8507595ea14,V-003,SKU-897BF5A2,71.92,USD,1,5,50,MKT-WEST,3,low_stock,True,csv,2025-11-28T00:38:16.965163
0aa13c30-9978-4006-8758-a181da3c9f7c,V-003,SKU-897BF5A2,66.5,USD,1,,,MKT-NORTHEAST,9,in_stock,True,csv,2025-11-28T00:38:16.965174
09ef6a8a-b460-4c29-9665-ec909728658c,V-003,SKU-897BF5A2,69.87,USD,1,,,MKT-MIDWEST,10,in_stock,True,csv,2025-11-28T00:38:16.965184
c1154f4e-73d2-404a-bf0a-0c1838258e1f,V-005,SKU-897BF5A2,72.15,USD,10,,,MKT-WEST,1,in_stock,True,csv,2025-11-28T00:38:16.965200
8dea1e06-921a-421f-b4ca-bae497cf8593,V-005,SKU-897BF5A2,68.08,USD,10,15,100,MKT-MIDWEST,5,low_stock,True,csv,2025-11-28T00:38:16.965212
cfe3df64-4ffb-4473-ab8e-46a1d09575cf,V-004,SKU-897BF5A2,52.35,USD,5,,,MKT-MIDWEST,14,in_stock,True,csv,2025-11-28T00:38:16.965224
f9351bc6-7abb-41e7-b18f-a4dd09c38994,V-004,SKU-897BF5A2,59.2,USD,25,,100,MKT-NORTHEAST,3,in_stock,True,csv,2025-11-28T00:38:16.965234
a67cbc4a-2a31-4d2f-b7d5-a8469deacf2a,V-002,SKU-897BF5A2,65.66,USD,25,0,,MKT-MIDWEST,7,in_stock,True,csv,2025-11-28T00:38:16.965246
d3ff597f-04f7-431f-9d08-4eadf4f3b176,V-004,SKU-2226FD0C,61.28,USD,5,,,MKT-WEST,8,in_stock,True,csv,2025-11-28T00:38:16.965261
ebec165b-d973-40a3-8568-9005aba6ace9,V-004,SKU-2226FD0C,58.73,USD,10,,100,MKT-NORTHEAST,9,in_stock,True,csv,2025-11-28T00:38:16.965281
cec5386b-4875-4097-b92a-5c060bd1b783,V-002,SKU-2226FD0C,65.56,USD,10,,,MKT-NORTHEAST,14,low_stock,True,csv,2025-11-28T00:38:16.965299
56bb1e7c-aed9-4ec6-b94f-bc331c54aa3b,V-002,SKU-2226FD0C,57.92,USD,5,,,MKT-WEST,12,out_of_stock,True,csv,2025-11-28T00:38:16.965309
bf7f2bb0-607f-49e9-940e-71c00423552a,V-002,SKU-58C6BDB1,79.37,USD,5,,100,MKT-NORTHEAST,12,in_stock,True,csv,2025-11-28T00:38:16.965325
fd7307e7-9d66-46eb-88f8-cb39a2274992,V-002,SKU-58C6BDB1,83.86,USD,1,,50,MKT-WEST,2,in_stock,True,csv,2025-11-28T00:38:16.965338
56f75410-cee3-4526-a0aa-5b4bd261fbf9,V-005,SKU-58C6BDB1,101.12,USD,10,,,MKT-NORTHEAST,2,in_stock,True,csv,2025-11-28T00:38:16.965350
d97bbb80-6e36-4991-9c27-99718c02e207,V-005,SKU-58C6BDB1,101.27,USD,25,,250,MKT-MIDWEST,9,in_stock,True,csv,2025-11-28T00:38:16.965360
a0fb8ba5-4e06-4a7e-b81e-87c7b82a0cc7,V-003,SKU-58C6BDB1,104.99,USD,10,,100,MKT-NORTHEAST,7,in_stock,True,csv,2025-11-28T00:38:16.965372
3b3b7991-e68e-46f5-be77-6bcf37322de9,V-003,SKU-58C6BDB1,95.36,USD,5,5,50,MKT-MIDWEST,13,in_stock,True,csv,2025-11-28T00:38:16.965393
9e96aff7-fac7-4b47-b91a-f3155153c24b,V-003,SKU-58C6BDB1,104.82,USD,10,0,250,MKT-WEST,12,in_stock,True,csv,2025-11-28T00:38:16.965403
e5520053-5dd0-4a57-abf8-e64f56fad1c9,V-001,SKU-58C6BDB1,89.39,USD,25,,50,MKT-MIDWEST,14,in_stock,True,csv,2025-11-28T00:38:16.965417
f3195074-2a31-4b6e-a5ab-aeed98e69e60,V-001,SKU-58C6BDB1,83.41,USD,5,,50,MKT-WEST,8,in_stock,True,csv,2025-11-28T00:38:16.965427
5bb59ee8-a4f0-45e3-a760-5dcb143a7a20,V-003,SKU-BC607404,21.85,USD,5,,100,MKT-MIDWEST,13,in_stock,True,csv,2025-11-28T00:38:16.965443
5715dfea-3b91-4fae-8cf0-74eb4247cb2b,V-003,SKU-BC607404,23.33,USD,10,,,MKT-WEST,12,in_stock,True,csv,2025-11-28T00:38:16.965453
199a3452-9a52-47d6-aa65-0e12e3738214,V-003,SKU-BC607404,22.27,USD,10,,,MKT-NORTHEAST,14,in_stock,True,csv,2025-11-28T00:38:16.965465
71a1b314-62b0-430f-bc55-c64458c4b8b3,V-004,SKU-BC607404,23.36,USD,10,,50,MKT-NORTHEAST,6,in_stock,True,csv,2025-11-28T00:38:16.965478
94a59d3a-97f6-40d9-906e-750e56e1f19b,V-004,SKU-BC607404,23.55,USD,25,5,100,MKT-WEST,4,out_of_stock,True,csv,2025-11-28T00:38:16.965488
46f7a76c-2b89-48d0-ab4c-46b2d501e452,V-004,SKU-BC607404,25.3,USD,25,15,50,MKT-MIDWEST,5,out_of_stock,True,csv,2025-11-28T00:38:16.965498
e46a27ea-f38a-4c82-9318-2cfeb28365dd,V-002,SKU-921E5E21,18.51,USD,10,,250,MKT-MIDWEST,9,low_stock,True,csv,2025-11-28T00:38:16.965514
a7de12f3-4e36-4142-a322-911e34abb217,V-002,SKU-921E5E21,16.51,USD,10,0,50,MKT-WEST,3,in_stock,True,csv,2025-11-28T00:38:16.965524
ffa32196-3074-4f13-b7ca-175aa7d92ce9,V-002,SKU-921E5E21,18.09,USD,10,5,250,MKT-NORTHEAST,7,in_stock,True,csv,2025-11-28T00:38:16.965534
161a7f94-e82b-45a7-8ece-adc55b249aec,V-004,SKU-921E5E21,14.96,USD,1,15,100,MKT-NORTHEAST,12,out_of_stock,True,csv,2025-11-28T00:38:16.965547
0ef63a49-2dc7-447c-a3d4-829dbc06c461,V-004,SKU-921E5E21,13.95,USD,5,10,100,MKT-MIDWEST,11,in_stock,True,csv,2025-11-28T00:38:16.965557
670a5371-ddd5-4fa3-9f32-74c855f11eec,V-003,SKU-921E5E21,17.6,USD,10,0,,MKT-NORTHEAST,4,in_stock,True,csv,2025-11-28T00:38:16.965570
cfdf256e-ec76-40e9-a660-5d4261c3e4aa,V-004,SKU-3B017A76,25.13,USD,1,,250,MKT-MIDWEST,6,out_of_stock,True,csv,2025-11-28T00:38:16.965591
d7f56c34-e1ba-410c-b8e6-aebd4342b174,V-005,SKU-3B017A76,27.37,USD,1,,250,MKT-NORTHEAST,2,in_stock,True,csv,2025-11-28T00:38:16.965604
41d27200-5300-40e2-af31-5cf3f78dd308,V-002,SKU-3B017A76,20.23,USD,10,,50,MKT-MIDWEST,4,in_stock,True,csv,2025-11-28T00:38:16.965616
f829170b-7510-40e3-ad66-37567c96d9b7,V-002,SKU-3B017A76,20.1,USD,10,5,,MKT-WEST,5,in_stock,True,csv,2025-11-28T00:38:16.965627
8de53c11-883f-406e-ad6f-ead686374bdb,V-002,SKU-3B017A76,21.76,USD,1,10,,MKT-NORTHEAST,7,out_of_stock,True,csv,2025-11-28T00:38:16.965637
ab316b33-31ff-48cb-8191-78e9ae21ad1d,V-003,SKU-3B017A76,24.38,USD,25,,,MKT-MIDWEST,14,in_stock,True,csv,2025-11-28T00:38:16.965651
3c8e8c29-daae-4637-9fe6-c30590626f5d,V-003,SKU-3B017A76,25.89,USD,10,0,,MKT-NORTHEAST,12,low_stock,True,csv,2025-11-28T00:38:16.965661
97d3642b-34da-403e-a276-24f0e2bb3aa7,V-003,SKU-287BCC82,13.86,USD,5,15,,MKT-MIDWEST,11,in_stock,True,csv,2025-11-28T00:38:16.965676
c913d194-c070-4843-8424-029b3de151e7,V-001,SKU-287BCC82,14.48,USD,10,,,MKT-NORTHEAST,14,low_stock,True,csv,2025-11-28T00:38:16.965688
933ff1fd-8a82-46f6-8036-a33e21b30f62,V-001,SKU-287BCC82,14.11,USD,1,10,,MKT-WEST,10,low_stock,True,csv,2025-11-28T00:38:16.965699
a2003f18-18ec-456d-a95b-1e9e904cdb92,V-004,SKU-287BCC82,14.87,USD,5,5,250,MKT-MIDWEST,2,in_stock,True,csv,2025-11-28T00:38:16.965714
82ab44f0-79b5-4fe7-a58d-a2b1805e72e4,V-004,SKU-287BCC82,15.78,USD,5,0,,MKT-WEST,13,out_of_stock,True,csv,2025-11-28T00:38:16.965725
dda04e15-232b-426c-8534-1f3c61a6fdcb,V-004,SKU-287BCC82,14.23,USD,1,,,MKT-NORTHEAST,9,low_stock,True,csv,2025-11-28T00:38:16.965734
4eb8824c-0728-436d-914b-f49df8a9af4f,V-002,SKU-94BD3D5A,21.36,USD,5,0,100,MKT-MIDWEST,5,in_stock,True,csv,2025-11-28T00:38:16.965750
84a16a33-6669-409f-ae75-005c99045aea,V-002,SKU-94BD3D5A,19.87,USD,5,,,MKT-WEST,8,in_stock,True,csv,2025-11-28T00:38:16.965759
fb5be7de-f89c-4301-9692-1ec51a83aac4,V-002,SKU-94BD3D5A,20.65,USD,10,15,,MKT-NORTHEAST,9,in_stock,True,csv,2025-11-28T00:38:16.965769
6ac2916c-cbf1-41c6-8ecb-5f690f84249a,V-001,SKU-94BD3D5A,22.38,USD,10,15,100,MKT-MIDWEST,5,in_stock,True,csv,2025-11-28T00:38:16.965781
34d4e768-a0f5-44a5-90d8-a74277ae9c6b,V-005,SKU-94BD3D5A,21.17,USD,25,10,,MKT-WEST,2,in_stock,True,csv,2025-11-28T00:38:16.965793
2f7c3688-deaa-4d7c-9a7b-4da43b03a8c6,V-005,SKU-94BD3D5A,21.87,USD,25,10,50,MKT-MIDWEST,2,in_stock,True,csv,2025-11-28T00:38:16.965804
8da215b0-a82f-4305-9db8-41ecf2f8fbcc,V-005,SKU-34E8BE69,21.88,USD,1,,50,MKT-WEST,6,in_stock,True,csv,2025-11-28T00:38:16.965819
77f5cc52-f551-4bbd-ba73-65939c9cd491,V-005,SKU-34E8BE69,20.76,USD,10,5,,MKT-NORTHEAST,2,in_stock,True,csv,2025-11-28T00:38:16.965834
479bd575-94fe-4710-ae78-a16744e87342,V-001,SKU-34E8BE69,24.13,USD,25,15,,MKT-NORTHEAST,3,low_stock,True,csv,2025-11-28T00:38:16.965848
b55afd19-ab40-49cc-b5fa-c40cf6db6c6a,V-001,SKU-34E8BE69,24.11,USD,1,15,250,MKT-MIDWEST,8,in_stock,True,csv,2025-11-28T00:38:16.965860
8deed767-1302-4fa6-b602-5f5cdc324657,V-001,SKU-34E8BE69,21.87,USD,1,15,,MKT-WEST,13,in_stock,True,csv,2025-11-28T00:38:16.965870
57edaa88-e00d-44f4-95fb-c820dd4d2d46,V-004,SKU-34E8BE69,20.65,USD,1,15,50,MKT-MIDWEST,5,in_stock,True,csv,2025-11-28T00:38:16.965883
4901906a-cdeb-4ca6-bdce-f68e7ffc8165,V-004,SKU-34E8BE69,19.26,USD,5,,250,MKT-NORTHEAST,1,out_of_stock,True,csv,2025-11-28T00:38:16.965893
c9baf4ed-bbb9-42c6-bb75-aee4b17e1249,V-004,SKU-34E8BE69,19.4,USD,5,,100,MKT-WEST,2,in_stock,True,csv,2025-11-28T00:38:16.965903
d0689974-54f2-4257-8b10-25bc2a9f3e37,V-002,SKU-34E8BE69,22.76,USD,1,,250,MKT-MIDWEST,13,in_stock,True,csv,2025-11-28T00:38:16.965915
d07e688f-88ff-4ee2-bb22-a970d8f3e4ff,V-003,SKU-7D70818F,20.32,USD,25,5,,MKT-NORTHEAST,4,in_stock,True,csv,2025-11-28T00:38:16.965932
f20d81be-ceca-44a9-8635-c65ea43a8f95,V-003,SKU-7D70818F,21.52,USD,5,10,,MKT-MIDWEST,13,in_stock,True,csv,2025-11-28T00:38:16.965942
29b0bbcb-3ba1-49a6-aa93-ebded374423e,V-001,SKU-7D70818F,21.86,USD,5,10,250,MKT-MIDWEST,7,in_stock,True,csv,2025-11-28T00:38:16.965957
2007365b-3c14-4d2c-b678-1b715d71c217,V-004,SKU-0F47C05D,14.95,USD,5,,,MKT-NORTHEAST,4,in_stock,True,csv,2025-11-28T00:38:16.965972
8720ca61-56c1-4a94-b8e5-76b40077e51f,V-004,SKU-0F47C05D,15.99,USD,10,,250,MKT-MIDWEST,5,in_stock,True,csv,2025-11-28T00:38:16.965983
f44aec87-3463-4053-b663-d26fc899ea4f,V-002,SKU-0F47C05D,16.47,USD,25,,250,MKT-NORTHEAST,2,in_stock,True,csv,2025-11-28T00:38:16.965995
2b263a9a-8f3f-4d99-9ebc-ee9d5fb6837f,V-002,SKU-0F47C05D,16.77,USD,10,,50,MKT-WEST,1,in_stock,True,csv,2025-11-28T00:38:16.966006
2eb369be-d8e1-4dde-b5a3-8066d96104f8,V-002,SKU-0F47C05D,16.11,USD,5,10,,MKT-MIDWEST,14,low_stock,True,csv,2025-11-28T00:38:16.966016
03a93099-1586-4511-8305-934b2facc847,V-005,SKU-B744B5E7,22.17,USD,1,0,50,MKT-WEST,7,low_stock,True,csv,2025-11-28T00:38:16.966033
f8c3c9d1-05ef-4dce-bbdf-c2bccb866e55,V-005,SKU-B744B5E7,22.86,USD,25,,250,MKT-NORTHEAST,9,in_stock,True,csv,2025-11-28T00:38:16.966043
f2960ade-39f5-4fab-aedb-bea999b9b2ed,V-005,SKU-B744B5E7,20.47,USD,1,,,MKT-MIDWEST,5,in_stock,True,csv,2025-11-28T00:38:16.966052
84a758b7-1ecf-4d64-8fdd-057c807b1011,V-002,SKU-B744B5E7,22.94,USD,1,10,,MKT-NORTHEAST,7,in_stock,True,csv,2025-11-28T00:38:16.966065
f30b9759-2bcd-4ac8-8a4b-e24b6523f79d,V-002,SKU-B744B5E7,22.14,USD,5,15,50,MKT-MIDWEST,14,in_stock,True,csv,2025-11-28T00:38:16.966084
b0ace847-fdd3-4b84-980c-11ab07b0a803,V-002,SKU-B744B5E7,21.69,USD,10,5,100,MKT-WEST,12,in_stock,True,csv,2025-11-28T00:38:16.966096
aca48389-08ad-4ca8-bc78-3b2613c80f48,V-001,SKU-B744B5E7,20.75,USD,5,15,,MKT-MIDWEST,3,in_stock,True,csv,2025-11-28T00:38:16.966108
c66da9e1-9818-430b-99a9-d1affdaa541a,V-001,SKU-B744B5E7,18.69,USD,10,,,MKT-NORTHEAST,9,in_stock,True,csv,2025-11-28T00:38:16.966121
9e61db34-f641-4023-a9d6-a38ffa98b8e5,V-004,SKU-B744B5E7,18.22,USD,1,,100,MKT-NORTHEAST,10,in_stock,True,csv,2025-11-28T00:38:16.966134
d6dc3e75-18b3-4607-93f1-2f296e0a1c09,V-004,SKU-B744B5E7,18.03,USD,25,,,MKT-MIDWEST,11,low_stock,True,csv,2025-11-28T00:38:16.966144
90629f36-1ed6-4e91-9100-18103567c63d,V-004,SKU-B744B5E7,18.23,USD,5,5,250,MKT-WEST,8,in_stock,True,csv,2025-11-28T00:38:16.966155
a97199fe-a119-45fb-bf88-2fb4d48a68a4,V-005,SKU-F69DB1D0,21.68,USD,1,,,MKT-NORTHEAST,2,in_stock,True,csv,2025-11-28T00:38:16.966171
a582da01-d99b-42c1-818d-6d1f12641a3d,V-004,SKU-F69DB1D0,24.55,USD,25,15,,MKT-WEST,7,low_stock,True,csv,2025-11-28T00:38:16.966183
c1261b6d-4156-40eb-8056-84809ad75f89,V-004,SKU-F69DB1D0,23.58,USD,25,,,MKT-MIDWEST,4,in_stock,True,csv,2025-11-28T00:38:16.966193
dd3ba9c2-971c-49d3-ad13-683255df089e,V-003,SKU-F69DB1D0,25.28,USD,5,10,100,MKT-NORTHEAST,7,low_stock,True,csv,2025-11-28T00:38:16.966208
da94fbd3-8c28-44ba-bd3f-5aa47513e3ae,V-003,SKU-F69DB1D0,23.98,USD,10,15,100,MKT-MIDWEST,13,in_stock,True,csv,2025-11-28T00:38:16.966218
